model,accuracy,precision,recall,roc_auc
LogisticRegression,0.9199134199134199,0.9147058823529411,0.8735955056179775,0.9654829433059028
RandomForest,0.922077922077922,0.9176470588235294,0.8764044943820225,0.9577718240623516
XGBoost,0.9215367965367965,0.9162995594713657,0.8764044943820225,0.9648041867779712
LightGBM,0.9204545454545454,0.9148311306901615,0.875,0.964766478081975
CatBoost,0.9204545454545454,0.9148311306901615,0.875,0.9644165908371576
GradientBoosting,0.9204545454545454,0.9160530191458026,0.8735955056179775,0.9644957172812154
StackingEnsemble,0.9182900432900433,0.9118942731277533,0.8721910112359551,0.9655954512185472
